Tarih,1,2,3,4,5,6
03.03.2026,4,7,12,23,39,43
28.02.2026,18,19,21,26,33,45
25.02.2026,12,16,24,30,43,46
22.02.2026,10,14,16,20,46,49
19.02.2026,18,23,26,30,38,46
16.02.2026,1,3,4,8,16,46
13.02.2026,3,7,13,23,36,39
10.02.2026,4,6,18,21,26,31
07.02.2026,6,31,33,36,37,42
04.02.2026,33,36,39,40,46,49
01.02.2026,4,12,22,23,24,42
29.01.2026,8,10,14,20,23,49
26.01.2026,7,24,36,37,41,45
23.01.2026,3,8,13,20,26,47
20.01.2026,4,5,7,11,18,49
17.01.2026,7,13,15,18,19,48
14.01.2026,3,4,9,24,27,38
11.01.2026,2,3,5,21,27,40
08.01.2026,6,14,17,27,29,31
05.01.2026,5,7,11,15,30,41
02.01.2026,4,6,8,10,28,31
30.12.2025,7,13,17,22,35,48
27.12.2025,20,24,26,39,45,47
24.12.2025,5,8,9,28,31,37
21.12.2025,9,15,20,24,38,48
18.12.2025,2,8,26,28,43,45
15.12.2025,5,14,16,33,40,44
12.12.2025,4,8,13,23,32,43
09.12.2025,1,11,15,41,48,49
06.12.2025,5,12,15,26,31,45
03.12.2025,5,8,26,32,38,48
30.11.2025,8,18,24,32,43,45
27.11.2025,2,12,27,31,33,48
24.11.2025,11,12,13,23,46,49
21.11.2025,2,8,9,13,39,43
18.11.2025,17,21,30,32,36,38
15.11.2025,12,18,23,33,34,43
12.11.2025,30,36,39,40,44,46
09.11.2025,7,14,16,22,48,49
06.11.2025,4,11,26,27,35,36
03.11.2025,9,18,29,33,46,47
31.10.2025,16,17,23,36,37,43
28.10.2025,3,7,15,35,36,49
25.10.2025,1,4,9,17,21,23
22.10.2025,7,9,33,36,41,45
19.10.2025,1,17,34,35,38,49
16.10.2025,5,11,14,26,33,42
13.10.2025,13,14,19,37,43,46
10.10.2025,6,15,19,22,37,46
07.10.2025,4,10,17,19,20,31
04.10.2025,2,20,25,30,40,44
01.10.2025,3,7,13,18,24,41
28.09.2025,8,22,27,42,46,47
25.09.2025,5,10,12,31,41,43
22.09.2025,3,5,23,29,30,33
19.09.2025,1,6,18,21,24,29
16.09.2025,4,6,8,26,32,39
13.09.2025,1,17,24,34,35,39
10.09.2025,1,7,15,21,31,36
07.09.2025,17,18,25,27,40,45
04.09.2025,13,16,32,39,40,47
01.09.2025,3,7,19,30,37,44
29.08.2025,6,26,31,43,47,48
26.08.2025,5,9,11,26,28,33
23.08.2025,7,9,15,22,42,45
20.08.2025,2,3,10,20,31,39
17.08.2025,3,11,16,19,34,35
14.08.2025,1,16,29,36,38,40
11.08.2025,3,11,20,35,36,39
08.08.2025,6,7,13,16,20,40
05.08.2025,5,7,20,24,25,47
02.08.2025,9,12,30,37,45,48
30.07.2025,1,12,25,37,41,42
27.07.2025,8,24,28,39,40,46
24.07.2025,8,22,26,32,41,47
21.07.2025,11,30,34,36,40,45
18.07.2025,9,14,18,22,33,45
15.07.2025,4,8,9,16,28,35
12.07.2025,6,7,19,29,30,31
09.07.2025,5,17,20,26,35,36
06.07.2025,2,23,29,30,32,39
03.07.2025,3,5,29,38,39,42
30.06.2025,13,23,25,30,33,49
27.06.2025,8,12,16,38,42,49
24.06.2025,1,8,13,17,24,29
21.06.2025,5,6,9,25,33,39
18.06.2025,1,20,25,27,43,48
15.06.2025,7,29,32,34,36,41
12.06.2025,3,11,15,23,29,36
09.06.2025,7,12,17,25,31,39
06.06.2025,20,24,25,29,32,41
03.06.2025,5,12,37,39,46,47
31.05.2025,1,9,18,29,38,49
28.05.2025,13,15,28,38,43,48
25.05.2025,1,2,8,17,33,45
22.05.2025,2,4,19,22,28,30
19.05.2025,10,13,28,29,36,38
16.05.2025,6,13,20,37,43,45
13.05.2025,1,9,18,23,40,46
10.05.2025,1,6,15,23,33,35
